<?xml version="1.0" encoding="UTF-8"?>
<project-private xmlns="http://www.netbeans.org/ns/project-private/1">
    <editor-bookmarks xmlns="http://www.netbeans.org/ns/editor-bookmarks/2" lastBookmarkId="0"/>
    <open-files xmlns="http://www.netbeans.org/ns/projectui-open-files/2">
        <group>
            <file>file:/C:/Users/Madár%20Bálint/OneDrive/Asztali%20gép/2020%20Ősz/Progtech/kattintás%20számláló/ea06_gui/ClickCounter/src/valami/gomb.png</file>
            <file>file:/C:/Users/Madár%20Bálint/OneDrive/Asztali%20gép/2020%20Ősz/Progtech/kattintás%20számláló/ea06_gui/ClickCounter/src/valami/Model.java</file>
            <file>file:/C:/Users/Madár%20Bálint/OneDrive/Asztali%20gép/2020%20Ősz/Progtech/kattintás%20számláló/ea06_gui/ClickCounter/src/valami/JButtonTextChangeTest.java</file>
            <file>file:/C:/Users/Madár%20Bálint/OneDrive/Asztali%20gép/2020%20Ősz/Progtech/kattintás%20számláló/ea06_gui/ClickCounter/src/valami/icon.png</file>
            <file>file:/C:/Users/Madár%20Bálint/OneDrive/Asztali%20gép/2020%20Ősz/Progtech/kattintás%20számláló/ea06_gui/ClickCounter/src/valami/rsz_1smallbalck.png</file>
            <file>file:/C:/Users/Madár%20Bálint/OneDrive/Asztali%20gép/2020%20Ősz/Progtech/kattintás%20számláló/ea06_gui/ClickCounter/src/valami/FieldValue.java</file>
            <file>file:/C:/Users/Madár%20Bálint/OneDrive/Asztali%20gép/2020%20Ősz/Progtech/kattintás%20számláló/ea06_gui/ClickCounter/src/valami/rsz_2smallbalck.png</file>
        </group>
    </open-files>
</project-private>
