<?xml version="1.0" encoding="UTF-8"?>
<project-private xmlns="http://www.netbeans.org/ns/project-private/1">
    <editor-bookmarks xmlns="http://www.netbeans.org/ns/editor-bookmarks/2" lastBookmarkId="0"/>
    <open-files xmlns="http://www.netbeans.org/ns/projectui-open-files/2">
        <group>
            <file>file:/home/bli/NetBeansProjects/Arkanoid/src/arkanoid/Ball.java</file>
            <file>file:/home/bli/NetBeansProjects/Arkanoid/src/arkanoid/Level.java</file>
            <file>file:/home/bli/NetBeansProjects/Arkanoid/src/arkanoid/ArkanoidGUI.java</file>
            <file>file:/home/bli/NetBeansProjects/Arkanoid/src/arkanoid/Arkanoid.java</file>
            <file>file:/home/bli/NetBeansProjects/Arkanoid/src/arkanoid/Sprite.java</file>
            <file>file:/home/bli/NetBeansProjects/Arkanoid/src/arkanoid/Brick.java</file>
            <file>file:/home/bli/NetBeansProjects/Arkanoid/src/arkanoid/GameEngine.java</file>
            <file>file:/home/bli/NetBeansProjects/Arkanoid/src/arkanoid/Paddle.java</file>
        </group>
    </open-files>
</project-private>
